{
  "firms_2013": 408323,
  "firms_2023": 237238,
  "survivors": 102455,
  "exits": 305868,
  "entrants": 134783,
  "survival_rate_pct": 25.09165538066678,
  "entry_rate_pct": 56.81341100498234,
  "net_growth": -171085,
  "net_growth_pct": -41.89942765898566
}